iteration,cursor_start,cursor_end,bytes_consumed,state_hex,overflow
1,0,23,23,0x10286a40,0
2,23,25,2,0x10286a40,0
3,25,48,23,0x10286a40,0
4,48,71,23,0x10286a40,0
5,71,73,2,0x10286a40,0
6,73,96,23,0x10286a40,0
7,96,119,23,0x10286a40,0
8,119,121,2,0x10286a40,0
9,121,144,23,0x10286a40,0
10,144,167,23,0x10286a40,0
11,167,169,2,0x10286a40,0
12,169,192,23,0x10286a40,0
13,192,215,23,0x10286a40,0
14,215,217,2,0x10286a40,0
15,217,240,23,0x10286a40,0
16,240,263,23,0x10286a40,0
17,263,265,2,0x10286a40,0
18,265,288,23,0x10286a40,0
19,288,311,23,0x10286a40,0
20,311,313,2,0x10286a40,0
21,313,336,23,0x10286a40,0
22,336,359,23,0x10286a40,0
23,359,361,2,0x10286a40,0
24,361,384,23,0x10286a40,0
25,384,407,23,0x10286a40,0
26,407,409,2,0x10286a40,0
27,409,432,23,0x10286a40,0
28,432,455,23,0x10286a40,0
29,455,457,2,0x10286a40,0
30,457,480,23,0x10286a40,0
31,480,503,23,0x10286a40,0
32,503,505,2,0x10286a40,0
33,505,528,23,0x10286a40,0
34,528,551,23,0x10286a40,0
35,551,553,2,0x10286a40,0
36,553,576,23,0x10286a40,0
37,576,599,23,0x10286a40,0
38,599,601,2,0x10286a40,0
39,601,624,23,0x10286a40,0
40,624,647,23,0x10286a40,0
41,647,649,2,0x10286a40,0
42,649,672,23,0x10286a40,0
43,672,695,23,0x10286a40,0
44,695,697,2,0x10286a40,0
45,697,720,23,0x10286a40,0
46,720,743,23,0x10286a40,0
47,743,745,2,0x10286a40,0
48,745,768,23,0x10286a40,0
49,768,791,23,0x10286a40,0
50,791,793,2,0x10286a40,0
51,793,816,23,0x10286a40,0
52,816,839,23,0x10286a40,0
53,839,841,2,0x10286a40,0
54,841,864,23,0x10286a40,0
55,864,887,23,0x10286a40,0
56,887,889,2,0x10286a40,0
57,889,912,23,0x10286a40,0
58,912,935,23,0x10286a40,0
59,935,937,2,0x10286a40,0
60,937,960,23,0x10286a40,0
61,960,983,23,0x10286a40,0
62,983,985,2,0x10286a40,0
63,985,1008,23,0x10286a40,0
64,1008,1031,23,0x10286a40,0
65,1031,1033,2,0x10286a40,0
66,1033,1056,23,0x10286a40,0
67,1056,1079,23,0x10286a40,0
68,1079,1081,2,0x10286a40,0
69,1081,1104,23,0x10286a40,0
70,1104,1127,23,0x10286a40,0
71,1127,1129,2,0x10286a40,0
72,1129,1152,23,0x10286a40,0
73,1152,1175,23,0x10286a40,0
74,1175,1177,2,0x10286a40,0
75,1177,1200,23,0x10286a40,0
76,1200,1223,23,0x10286a40,0
77,1223,1225,2,0x10286a40,0
78,1225,1248,23,0x10286a40,0
79,1248,1271,23,0x10286a40,0
80,1271,1273,2,0x10286a40,0
81,1273,1296,23,0x10286a40,0
82,1296,1319,23,0x10286a40,0
83,1319,1321,2,0x10286a40,0
84,1321,1344,23,0x10286a40,0
85,1344,1367,23,0x10286a40,0
86,1367,1369,2,0x10286a40,0
87,1369,1392,23,0x10286a40,0
88,1392,1415,23,0x10286a40,0
89,1415,1417,2,0x10286a40,0
90,1417,1440,23,0x10286a40,0
91,1440,1463,23,0x10286a40,0
92,1463,1465,2,0x10286a40,0
93,1465,1488,23,0x10286a40,0
94,1488,1511,23,0x10286a40,0
95,1511,1513,2,0x10286a40,0
96,1513,1536,23,0x10286a40,0
97,1536,1559,23,0x10286a40,0
98,1559,1561,2,0x10286a40,0
99,1561,1584,23,0x10286a40,0
100,1584,1607,23,0x10286a40,0
101,1607,1609,2,0x10286a40,0
102,1609,1632,23,0x10286a40,0
103,1632,1655,23,0x10286a40,0
104,1655,1657,2,0x10286a40,0
105,1657,1680,23,0x10286a40,0
106,1680,1703,23,0x10286a40,0
107,1703,1705,2,0x10286a40,0
108,1705,1728,23,0x10286a40,0
109,1728,1751,23,0x10286a40,0
110,1751,1753,2,0x10286a40,0
111,1753,1776,23,0x10286a40,0
112,1776,1799,23,0x10286a40,0
113,1799,1801,2,0x10286a40,0
114,1801,1824,23,0x10286a40,0
115,1824,1847,23,0x10286a40,0
116,1847,1849,2,0x10286a40,0
117,1849,1872,23,0x10286a40,0
118,1872,1895,23,0x10286a40,0
119,1895,1897,2,0x10286a40,0
120,1897,1920,23,0x10286a40,0
121,1920,1943,23,0x10286a40,0
122,1943,1945,2,0x10286a40,0
123,1945,1968,23,0x10286a40,0
124,1968,1991,23,0x10286a40,0
125,1991,1993,2,0x10286a40,0
126,1993,2016,23,0x10286a40,0
127,2016,2039,23,0x10286a40,0
128,2039,2041,2,0x10286a40,0
129,2041,2064,23,0x10286a40,0
130,2064,2087,23,0x10286a40,0
131,2087,2089,2,0x10286a40,0
132,2089,2112,23,0x10286a40,0
133,2112,2135,23,0x10286a40,0
134,2135,2137,2,0x10286a40,0
135,2137,2160,23,0x10286a40,0
136,2160,2183,23,0x10286a40,0
137,2183,2185,2,0x10286a40,0
138,2185,2208,23,0x10286a40,0
139,2208,2231,23,0x10286a40,0
140,2231,2233,2,0x10286a40,0
141,2233,2256,23,0x10286a40,0
142,2256,2279,23,0x10286a40,0
143,2279,2281,2,0x10286a40,0
144,2281,2304,23,0x10286a40,0
145,2304,2327,23,0x10286a40,0
146,2327,2329,2,0x10286a40,0
147,2329,2352,23,0x10286a40,0
148,2352,2375,23,0x10286a40,0
149,2375,2377,2,0x10286a40,0
150,2377,2400,23,0x10286a40,0
151,2400,2423,23,0x10286a40,0
152,2423,2425,2,0x10286a40,0
153,2425,2448,23,0x10286a40,0
154,2448,2471,23,0x10286a40,0
155,2471,2473,2,0x10286a40,0
156,2473,2496,23,0x10286a40,0
157,2496,2519,23,0x10286a40,0
158,2519,2521,2,0x10286a40,0
159,2521,2544,23,0x10286a40,0
160,2544,2567,23,0x10286a40,0
161,2567,2569,2,0x10286a40,0
162,2569,2592,23,0x10286a40,0
163,2592,2615,23,0x10286a40,0
164,2615,2617,2,0x10286a40,0
165,2617,2640,23,0x10286a40,0
166,2640,2663,23,0x10286a40,0
167,2663,2665,2,0x10286a40,0
168,2665,2688,23,0x10286a40,0
169,2688,2711,23,0x10286a40,0
170,2711,2713,2,0x10286a40,0
171,2713,2736,23,0x10286a40,0
172,2736,2759,23,0x10286a40,0
173,2759,2761,2,0x10286a40,0
174,2761,2784,23,0x10286a40,0
175,2784,2807,23,0x10286a40,0
176,2807,2809,2,0x10286a40,0
177,2809,2832,23,0x10286a40,0
178,2832,2855,23,0x10286a40,0
179,2855,2857,2,0x10286a40,0
180,2857,2880,23,0x10286a40,0
181,2880,2903,23,0x10286a40,0
182,2903,2905,2,0x10286a40,0
183,2905,2928,23,0x10286a40,0
184,2928,2951,23,0x10286a40,0
185,2951,2953,2,0x10286a40,0
186,2953,2976,23,0x10286a40,0
187,2976,2999,23,0x10286a40,0
188,2999,3001,2,0x10286a40,0
189,3001,3024,23,0x10286a40,0
190,3024,3047,23,0x10286a40,0
191,3047,3049,2,0x10286a40,0
192,3049,3072,23,0x10286a40,0
193,3072,3095,23,0x10286a40,0
194,3095,3097,2,0x10286a40,0
195,3097,3120,23,0x10286a40,0
196,3120,3143,23,0x10286a40,0
197,3143,3145,2,0x10286a40,0
198,3145,3168,23,0x10286a40,0
199,3168,3191,23,0x10286a40,0
200,3191,3193,2,0x10286a40,0
201,3193,3216,23,0x10286a40,0
202,3216,3239,23,0x10286a40,0
203,3239,3241,2,0x10286a40,0
204,3241,3264,23,0x10286a40,0
205,3264,3287,23,0x10286a40,0
206,3287,3289,2,0x10286a40,0
207,3289,3312,23,0x10286a40,0
208,3312,3335,23,0x10286a40,0
209,3335,3337,2,0x10286a40,0
210,3337,3360,23,0x10286a40,0
211,3360,3383,23,0x10286a40,0
212,3383,3385,2,0x10286a40,0
213,3385,3408,23,0x10286a40,0
214,3408,3431,23,0x10286a40,0
215,3431,3433,2,0x10286a40,0
216,3433,3456,23,0x10286a40,0
217,3456,3479,23,0x10286a40,0
218,3479,3481,2,0x10286a40,0
219,3481,3504,23,0x10286a40,0
220,3504,3527,23,0x10286a40,0
221,3527,3529,2,0x10286a40,0
222,3529,3552,23,0x10286a40,0
223,3552,3575,23,0x10286a40,0
224,3575,3577,2,0x10286a40,0
225,3577,3600,23,0x10286a40,0
226,3600,3623,23,0x10286a40,0
227,3623,3625,2,0x10286a40,0
228,3625,3648,23,0x10286a40,0
229,3648,3671,23,0x10286a40,0
230,3671,3673,2,0x10286a40,0
231,3673,3696,23,0x10286a40,0
232,3696,3719,23,0x10286a40,0
233,3719,3721,2,0x10286a40,0
234,3721,3744,23,0x10286a40,0
235,3744,3767,23,0x10286a40,0
236,3767,3769,2,0x10286a40,0
237,3769,3792,23,0x10286a40,0
238,3792,3815,23,0x10286a40,0
239,3815,3817,2,0x10286a40,0
240,3817,3840,23,0x10286a40,0
241,3840,3863,23,0x10286a40,0
242,3863,3865,2,0x10286a40,0
243,3865,3888,23,0x10286a40,0
244,3888,3911,23,0x10286a40,0
245,3911,3913,2,0x10286a40,0
246,3913,3936,23,0x10286a40,0
247,3936,3959,23,0x10286a40,0
248,3959,3961,2,0x10286a40,0
249,3961,3984,23,0x10286a40,0
250,3984,4007,23,0x10286a40,0
251,4007,4009,2,0x10286a40,0
252,4009,4032,23,0x10286a40,0
253,4032,4055,23,0x10286a40,0
254,4055,4057,2,0x10286a40,0
255,4057,4080,23,0x10286a40,0
256,4080,4096,16,0x10286a40,1
